{"Coefficients": [0.9999999999999988, 0.9999999999999991, 1.0000000000000004], "Intercept": 3.552713678800501e-15, "MSE": 2.2685385745855667e-28, "R2 Score": 1.0}